PLAYER,POS,YEARS
Vander Blue,SG,2014
Kris Humphries,PF,2005 2006 2007 2008 2009 2010 2011 2012 2013 2014
Jerryd Bayless,PG,2009 2010 2011 2012 2013 2014
Jared Sullinger,PF,2013 2014
Jeff Green,SF,2008 2009 2010 2011 2013 2014
Kelly Olynyk,C,2014
MarShon Brooks,SG,2012 2013 2014
Chris Babb,SG,2014
Chris Johnson,SF,2011 2012 2013 2014
Phil Pressey,PG,2014
Jordan Crawford,SG,2011 2012 2013 2014
Courtney Lee,SG,2009 2010 2011 2012 2013 2014
Rajon Rondo,PG,2007 2008 2009 2010 2011 2012 2013 2014
Gerald Wallace,SF,2002 2003 2004 2005 2006 2007 2008 2009 2010 2011 2012 2013 2014
Avery Bradley,PG,2011 2012 2013 2014
Vitor Faverani,C,2014
Keith Bogans,SG,2004 2005 2006 2007 2008 2009 2010 2011 2012 2013 2014
Brandon Bass,PF,2006 2007 2008 2009 2010 2011 2012 2013 2014
Joel Anthony,C,2008 2009 2010 2011 2012 2013 2014
Tornike Shengelia,SF,2013 2014
Reggie Evans,PF,2003 2004 2005 2006 2007 2008 2009 2010 2011 2012 2013 2014
Deron Williams,PG,2006 2007 2008 2009 2010 2011 2012 2013 2014
Tyshawn Taylor,PG,2013 2014
Joe Johnson,SF,2002 2003 2004 2005 2006 2007 2008 2009 2010 2011 2012 2013 2014
Andray Blatche,C,2006 2007 2008 2009 2010 2011 2012 2013 2014
Shaun Livingston,PG,2005 2006 2007 2009 2010 2011 2012 2013 2014
Jorge Gutierrez,PG,2014
Kevin Garnett,PF,2000 2001 2002 2003 2004 2005 2006 2007 2008 2009 2010 2011 2012 2013 2014
Paul Pierce,SF,2000 2001 2002 2003 2004 2005 2006 2007 2008 2009 2010 2011 2012 2013 2014
Marquis Teague,PG,2013 2014
Andrei Kirilenko,SF,2002 2003 2004 2005 2006 2007 2008 2009 2010 2011 2013 2014
Mason Plumlee,C,2014
Jason Terry,SG,2000 2001 2002 2003 2004 2005 2006 2007 2008 2009 2010 2011 2012 2013 2014
Mirza Teletovic,PF,2013 2014
Jason Collins,C,2002 2003 2004 2005 2006 2007 2008 2009 2010 2011 2012 2013 2014
Marcus Thornton,SG,2010 2011 2012 2013 2014
Brook Lopez,C,2009 2010 2011 2012 2013 2014
Alan Anderson,SG,2006 2007 2012 2013 2014
Raymond Felton,PG,2006 2007 2008 2009 2010 2011 2012 2013 2014
Jeremy Tyler,PF,2012 2013 2014
Pablo Prigioni,PG,2013 2014
Tim Hardaway Jr.,SG,2014
Carmelo Anthony,SF,2004 2005 2006 2007 2008 2009 2010 2011 2012 2013 2014
Chris Smith,PG,2014
Kenyon Martin,PF,2001 2002 2003 2004 2005 2006 2007 2008 2009 2010 2011 2012 2013 2014
Amar'e Stoudemire,PF,2003 2004 2005 2006 2007 2008 2009 2010 2011 2012 2013 2014
Toure' Murry,SF,2014
Beno Udrih,PG,2005 2006 2007 2008 2009 2010 2011 2012 2013 2014
Tyson Chandler,C,2002 2003 2004 2005 2006 2007 2008 2009 2010 2011 2012 2013 2014
J.R. Smith,SG,2005 2006 2007 2008 2009 2010 2011 2012 2013 2014
Iman Shumpert,SG,2012 2013 2014
Earl Clark,SF,2010 2011 2012 2013 2014
Cole Aldrich,C,2011 2012 2013 2014
Metta World Peace,SF,2000 2001 2002 2003 2004 2005 2006 2007 2008 2009 2010 2011 2012 2013 2014
Shannon Brown,PG,2007 2008 2009 2010 2011 2012 2013 2014
Andrea Bargnani,C,2007 2008 2009 2010 2011 2012 2013 2014
James Anderson,SG,2011 2012 2013 2014
Casper Ware,PG,2014
Darius Morris,PG,2012 2013 2014
Tony Wroten,SG,2013 2014
Elliot Williams,SG,2012 2014
Lavoy Allen,PF,2012 2013 2014
Henry Sims,C,2013 2014
Daniel Orton,C,2012 2013 2014
Brandon Davies,PF,2014
James Nunnally,SF,2014
Evan Turner,SG,2011 2012 2013 2014
Hollis Thompson,SG,2014
Michael Carter-Williams,PG,2014
Jarvis Varnado,PF,2013 2014
Arnett Moultrie,PF,2013 2014
Byron Mullens,C,2010 2011 2012 2013 2014
Adonis Thomas,SG,2014
Dewayne Dedmon,C,2014
Thaddeus Young,SF,2008 2009 2010 2011 2012 2013 2014
Eric Maynor,PG,2010 2011 2012 2013 2014
Spencer Hawes,PF,2008 2009 2010 2011 2012 2013 2014
Darius Johnson-Odom,SG,2013 2014
Lorenzo Brown,PG,2014
Tyler Hansbrough,PF,2010 2011 2012 2013 2014
Jonas Valanciunas,C,2013 2014
Quincy Acy,SF,2013 2014
Aaron Gray,C,2008 2009 2010 2011 2012 2013 2014
Steve Novak,SF,2007 2008 2009 2010 2011 2012 2013 2014
Kyle Lowry,PG,2007 2008 2009 2010 2011 2012 2013 2014
Rudy Gay,SF,2007 2008 2009 2010 2011 2012 2013 2014
Patrick Patterson,PF,2011 2012 2013 2014
Terrence Ross,SF,2013 2014
Austin Daye,SF,2010 2011 2012 2013 2014
DeMar DeRozan,SG,2010 2011 2012 2013 2014
Amir Johnson,PF,2006 2007 2008 2009 2010 2011 2012 2013 2014
Greivis Vasquez,PG,2011 2012 2013 2014
Dwight Buycks,PG,2014
Chuck Hayes,C,2006 2007 2008 2009 2010 2011 2012 2013 2014
John Salmons,SF,2003 2004 2005 2006 2007 2008 2009 2010 2011 2012 2013 2014
D.J. Augustin,PG,2009 2010 2011 2012 2013 2014
Landry Fields,SG,2011 2012 2013 2014
Julyan Stone,SG,2012 2013 2014
Nando de Colo,PG,2013 2014
Andre Iguodala,SG,2005 2006 2007 2008 2009 2010 2011 2012 2013 2014
Andrew Bogut,C,2006 2007 2008 2009 2010 2011 2012 2013 2014
Toney Douglas,PG,2010 2011 2012 2013 2014
Stephen Curry,PG,2010 2011 2012 2013 2014
Ognjen Kuzmic,C,2014
Steve Blake,PG,2004 2005 2006 2007 2008 2009 2010 2011 2012 2013 2014
Marreese Speights,PF,2009 2010 2011 2012 2013 2014
David Lee,PF,2006 2007 2008 2009 2010 2011 2012 2013 2014
Harrison Barnes,SF,2013 2014
Jermaine O'Neal,C,2000 2001 2002 2003 2004 2005 2006 2007 2008 2009 2010 2011 2012 2013 2014
Kent Bazemore,SG,2013 2014
Klay Thompson,SG,2012 2013 2014
Hilton Armstrong,PF,2007 2008 2009 2010 2011 2014
Nemanja Nedovic,PG,2014
Draymond Green,SF,2013 2014
Matt Barnes,SF,2004 2005 2006 2007 2008 2009 2010 2011 2012 2013 2014
Danny Granger,SF,2006 2007 2008 2009 2010 2011 2012 2013 2014
Reggie Bullock,SG,2014
Stephen Jackson,SF,2001 2002 2003 2004 2005 2006 2007 2008 2009 2010 2011 2012 2013 2014
Chris Paul,PG,2006 2007 2008 2009 2010 2011 2012 2013 2014
DeAndre Jordan,C,2009 2010 2011 2012 2013 2014
Jared Dudley,SG,2008 2009 2010 2011 2012 2013 2014
Sasha Vujacic,SG,2005 2006 2007 2008 2009 2010 2011 2014
Antawn Jamison,PF,2000 2001 2002 2003 2004 2005 2006 2007 2008 2009 2010 2011 2012 2013 2014
Darren Collison,PG,2010 2011 2012 2013 2014
Glen Davis,PF,2008 2009 2010 2011 2012 2013 2014
Willie Green,SG,2004 2005 2006 2007 2008 2009 2010 2011 2012 2013 2014
Ryan Hollins,C,2007 2008 2009 2010 2011 2012 2013 2014
Blake Griffin,PF,2011 2012 2013 2014
Maalik Wayns,PG,2013 2014
Hedo Turkoglu,SF,2001 2002 2003 2004 2005 2006 2007 2008 2009 2010 2011 2012 2013 2014
Jamal Crawford,SG,2001 2002 2003 2004 2005 2006 2007 2008 2009 2010 2011 2012 2013 2014
J.J. Redick,SG,2007 2008 2009 2010 2011 2012 2013 2014
Robert Sacre,C,2013 2014
Shawne Williams,SF,2007 2008 2009 2011 2012 2014
Pau Gasol,PF,2002 2003 2004 2005 2006 2007 2008 2009 2010 2011 2012 2013 2014
Steve Nash,PG,2000 2001 2002 2003 2004 2005 2006 2007 2008 2009 2010 2011 2012 2013 2014
Manny Harris,PG,2011 2012 2014
Ryan Kelly,PF,2014
Kendall Marshall,PG,2013 2014
Jordan Hill,C,2010 2011 2012 2013 2014
Chris Kaman,C,2004 2005 2006 2007 2008 2009 2010 2011 2012 2013 2014
Kobe Bryant,SG,2000 2001 2002 2003 2004 2005 2006 2007 2008 2009 2010 2011 2012 2013 2014
Xavier Henry,SF,2011 2012 2013 2014
Jodie Meeks,SG,2010 2011 2012 2013 2014
Wesley Johnson,SF,2011 2012 2013 2014
Nick Young,SF,2008 2009 2010 2011 2012 2013 2014
Elias Harris,SF,2014
Jordan Farmar,PG,2007 2008 2009 2010 2011 2012 2014
Dionte Christmas,SG,2014
Slava Kravtsov,C,2013 2014
Goran Dragic,SG,2009 2010 2011 2012 2013 2014
Marcus Morris,PF,2012 2013 2014
Channing Frye,PF,2006 2007 2008 2009 2010 2011 2012 2014
Ish Smith,PG,2011 2012 2013 2014
Miles Plumlee,C,2013 2014
Eric Bledsoe,PG,2011 2012 2013 2014
P.J. Tucker,SF,2007 2013 2014
Alex Len,C,2014
Gerald Green,SG,2006 2007 2008 2009 2012 2013 2014
Leandro Barbosa,SG,2004 2005 2006 2007 2008 2009 2010 2011 2012 2013 2014
Shavlik Randolph,PF,2006 2007 2008 2009 2010 2013 2014
Markieff Morris,PF,2012 2013 2014
Archie Goodwin,SG,2014
Luc Richard Mbah a Moute,PF,2009 2010 2011 2012 2013 2014
Isaiah Thomas,PG,2012 2013 2014
DeMarcus Cousins,C,2011 2012 2013 2014
Ray McCallum,PG,2014
Hamady Ndiaye,C,2011 2012 2014
Orlando Johnson,SG,2013 2014
Travis Outlaw,SF,2004 2005 2006 2007 2008 2009 2010 2011 2012 2013 2014
Jason Thompson,PF,2009 2010 2011 2012 2013 2014
Jimmer Fredette,PG,2012 2013 2014
Royce White,PF,2014
Ben McLemore,SG,2014
Jared Cunningham,SG,2013 2014
Carl Landry,PF,2008 2009 2010 2011 2012 2013 2014
Derrick Williams,PF,2012 2013 2014
Tony Snell,SF,2014
Lou Amundson,PF,2007 2008 2009 2010 2011 2012 2013 2014
Nazr Mohammed,C,2000 2001 2002 2003 2004 2005 2006 2007 2008 2009 2010 2011 2012 2013 2014
Derrick Rose,PG,2009 2010 2011 2012 2014
Ronnie Brewer,SF,2007 2008 2009 2010 2011 2012 2013 2014
Joakim Noah,C,2008 2009 2010 2011 2012 2013 2014
Taj Gibson,PF,2010 2011 2012 2013 2014
Cartier Martin,PF,2009 2010 2011 2012 2013 2014
Mike Dunleavy,SF,2003 2004 2005 2006 2007 2008 2009 2010 2011 2012 2013 2014
Erik Murphy,PF,2014
Kirk Hinrich,SG,2004 2005 2006 2007 2008 2009 2010 2011 2012 2013 2014
Luol Deng,SF,2005 2006 2007 2008 2009 2010 2011 2012 2013 2014
Carlos Boozer,PF,2003 2004 2005 2006 2007 2008 2009 2010 2011 2012 2013 2014
Jimmy Butler,SG,2012 2013 2014
Mike James,PG,2002 2003 2004 2005 2006 2007 2008 2009 2010 2012 2013 2014
Shane Edwards,SF,2014
Arinze Onuaku,PF,2014
Jarrett Jack,PG,2006 2007 2008 2009 2010 2011 2012 2013 2014
Sergey Karasev,SG,2014
Alonzo Gee,SF,2010 2011 2012 2013 2014
Kyrie Irving,PG,2012 2013 2014
Andrew Bynum,C,2006 2007 2008 2009 2010 2011 2012 2014
Carrick Felix,SG,2014
Matthew Dellavedova,SG,2014
Tristan Thompson,PF,2012 2013 2014
Tyler Zeller,C,2013 2014
C.J. Miles,SG,2006 2007 2008 2009 2010 2011 2012 2013 2014
Seth Curry,SG,2014
Anthony Bennett,PF,2014
Anderson Varejao,C,2005 2006 2007 2008 2009 2010 2011 2012 2013 2014
Dion Waiters,SG,2013 2014
Scotty Hopson,SG,2014
Greg Monroe,PF,2011 2012 2013 2014
Kyle Singler,SF,2013 2014
Jonas Jerebko,PF,2010 2012 2013 2014
Tony Mitchell,PF,2014
Andre Drummond,C,2013 2014
Chauncey Billups,PG,2000 2001 2002 2003 2004 2005 2006 2007 2008 2009 2010 2011 2012 2013 2014
Rodney Stuckey,PG,2008 2009 2010 2011 2012 2013 2014
Josh Harrellson,PF,2012 2013 2014
Josh Smith,SF,2005 2006 2007 2008 2009 2010 2011 2012 2013 2014
Charlie Villanueva,PF,2006 2007 2008 2009 2010 2011 2012 2013 2014
Will Bynum,PG,2006 2009 2010 2011 2012 2013 2014
Kentavious Caldwell-Pope,SG,2014
Brandon Jennings,PG,2010 2011 2012 2013 2014
Peyton Siva,PG,2014
Luigi Datome,SF,2014
Lance Stephenson,SG,2011 2012 2013 2014
Solomon Hill,SF,2014
Luis Scola,PF,2008 2009 2010 2011 2012 2013 2014
David West,PF,2004 2005 2006 2007 2008 2009 2010 2011 2012 2013 2014
Rasual Butler,SF,2003 2004 2005 2006 2007 2008 2009 2010 2011 2012 2014
C.J. Watson,PG,2008 2009 2010 2011 2012 2013 2014
Donald Sloan,PG,2012 2013 2014
Chris Copeland,SF,2013 2014
Paul George,SF,2011 2012 2013 2014
Roy Hibbert,C,2009 2010 2011 2012 2013 2014
George Hill,PG,2009 2010 2011 2012 2013 2014
Ian Mahinmi,C,2008 2010 2011 2012 2013 2014
Larry Sanders,C,2011 2012 2013 2014
Brandon Knight,PG,2012 2013 2014
Khris Middleton,PF,2013 2014
O.J. Mayo,SG,2009 2010 2011 2012 2013 2014
Jeff Adrien,SF,2011 2012 2013 2014
Ekpe Udoh,PF,2011 2012 2013 2014
D.J. Stephens,SG,2014
Chris Wright,SF,2012 2013 2014
John Henson,C,2013 2014
Giannis Antetokounmpo,SG,2014
Zaza Pachulia,C,2004 2005 2006 2007 2008 2009 2010 2011 2012 2013 2014
Caron Butler,SF,2003 2004 2005 2006 2007 2008 2009 2010 2011 2012 2013 2014
Miroslav Raduljica,C,2014
Gary Neal,SG,2011 2012 2013 2014
Luke Ridnour,PG,2004 2005 2006 2007 2008 2009 2010 2011 2012 2013 2014
Ersan Ilyasova,PF,2007 2010 2011 2012 2013 2014
Ramon Sessions,PG,2008 2009 2010 2011 2012 2013 2014
Nate Wolters,PG,2014
Bernard James,C,2013 2014
Jose Calderon,PG,2006 2007 2008 2009 2010 2011 2012 2013 2014
Wayne Ellington,SG,2010 2011 2012 2013 2014
Samuel Dalembert,C,2002 2004 2005 2006 2007 2008 2009 2010 2011 2012 2013 2014
Vince Carter,SG,2000 2001 2002 2003 2004 2005 2006 2007 2008 2009 2010 2011 2012 2013 2014
Shane Larkin,PG,2014
Monta Ellis,SG,2006 2007 2008 2009 2010 2011 2012 2013 2014
Dirk Nowitzki,PF,2000 2001 2002 2003 2004 2005 2006 2007 2008 2009 2010 2011 2012 2013 2014
Shawn Marion,SF,2000 2001 2002 2003 2004 2005 2006 2007 2008 2009 2010 2011 2012 2013 2014
Brandan Wright,PF,2008 2009 2011 2012 2013 2014
Devin Harris,PG,2005 2006 2007 2008 2009 2010 2011 2012 2013 2014
DeJuan Blair,C,2010 2011 2012 2013 2014
Jae Crowder,SF,2013 2014
Ricky Ledo,SG,2014
Gal Mekel,PG,2014
Patrick Beverley,PG,2013 2014
Omri Casspi,SF,2010 2011 2012 2013 2014
Aaron Brooks,PG,2008 2009 2010 2011 2013 2014
Jordan Hamilton,SG,2012 2013 2014
Troy Daniels,SG,2014
Jeremy Lin,PG,2011 2012 2013 2014
Isaiah Canaan,PG,2014
Donatas Motiejunas,PF,2013 2014
Greg Smith,PF,2012 2013 2014
Dwight Howard,C,2005 2006 2007 2008 2009 2010 2011 2012 2013 2014
Chandler Parsons,SF,2012 2013 2014
Josh Powell,PF,2006 2007 2008 2009 2010 2011 2014
Robert Covington,SF,2014
James Harden,SG,2010 2011 2012 2013 2014
Terrence Jones,PF,2013 2014
Omer Asik,C,2011 2012 2013 2014
Francisco Garcia,SG,2006 2007 2008 2009 2010 2011 2012 2013 2014
Mike Conley,PG,2008 2009 2010 2011 2012 2013 2014
Ed Davis,PF,2011 2012 2013 2014
Tayshaun Prince,SF,2003 2004 2005 2006 2007 2008 2009 2010 2011 2012 2013 2014
Nick Calathes,SG,2014
Mike Miller,SF,2001 2002 2003 2004 2005 2006 2007 2008 2009 2010 2011 2012 2013 2014
Tony Allen,SG,2005 2006 2007 2008 2009 2010 2011 2012 2013 2014
Marc Gasol,C,2009 2010 2011 2012 2013 2014
Jon Leuer,PF,2012 2013 2014
Quincy Pondexter,SG,2011 2012 2013 2014
Jamaal Franklin,SG,2014
Zach Randolph,PF,2002 2003 2004 2005 2006 2007 2008 2009 2010 2011 2012 2013 2014
James Johnson,PF,2010 2011 2012 2013 2014
Kosta Koufos,C,2009 2010 2011 2012 2013 2014
Austin Rivers,SG,2013 2014
Lance Thomas,SF,2012 2013 2014
Darius Miller,SF,2013 2014
Brian Roberts,PG,2013 2014
Jeff Withey,C,2014
James Southerland,SF,2014
Luke Babbitt,SF,2011 2012 2013 2014
Anthony Morrow,SG,2009 2010 2011 2012 2013 2014
Josh Childress,SF,2005 2006 2007 2008 2011 2012 2013 2014
Melvin Ely,C,2003 2004 2005 2006 2007 2008 2009 2011 2014
Eric Gordon,SG,2009 2010 2011 2012 2013 2014
Alexis Ajinca,C,2009 2010 2011 2014
Jrue Holiday,PG,2010 2011 2012 2013 2014
Ryan Anderson,PF,2009 2010 2011 2012 2013 2014
Anthony Davis,PF,2013 2014
Tyreke Evans,SF,2010 2011 2012 2013 2014
Greg Stiemsma,C,2012 2013 2014
Al-Farouq Aminu,SF,2011 2012 2013 2014
Jason Smith,C,2008 2010 2011 2012 2013 2014
Marco Belinelli,SG,2008 2009 2010 2011 2012 2013 2014
Manu Ginobili,SG,2003 2004 2005 2006 2007 2008 2009 2010 2011 2012 2013 2014
Tiago Splitter,PF,2011 2012 2013 2014
Othyus Jeffers,SG,2010 2011 2014
Boris Diaw,PF,2004 2005 2006 2007 2008 2009 2010 2011 2012 2013 2014
Tim Duncan,PF,2000 2001 2002 2003 2004 2005 2006 2007 2008 2009 2010 2011 2012 2013 2014
Aron Baynes,PF,2013 2014
Matt Bonner,PF,2005 2006 2007 2008 2009 2010 2011 2012 2013 2014
Tony Parker,PG,2002 2003 2004 2005 2006 2007 2008 2009 2010 2011 2012 2013 2014
Jeff Ayres,PF,2010 2012 2013 2014
Cory Joseph,PG,2012 2013 2014
Patty Mills,PG,2010 2011 2012 2013 2014
Malcolm Thomas,PF,2012 2013 2014
Damion James,SF,2011 2012 2013 2014
Danny Green,SG,2010 2011 2012 2013 2014
Kawhi Leonard,SF,2012 2013 2014
Jeff Teague,PG,2010 2011 2012 2013 2014
Dexter Pittman,C,2011 2012 2013 2014
Mike Scott,PF,2013 2014
Mike Muscala,PF,2014
DeMarre Carroll,SF,2010 2011 2012 2013 2014
Gustavo Ayon,PF,2012 2013 2014
Elton Brand,PF,2000 2001 2002 2003 2004 2005 2006 2007 2008 2009 2010 2011 2012 2013 2014
Dennis Schroder,PG,2014
Paul Millsap,PF,2007 2008 2009 2010 2011 2012 2013 2014
John Jenkins,SG,2013 2014
Louis Williams,SG,2006 2007 2008 2009 2010 2011 2012 2013 2014
Pero Antic,PF,2014
Kyle Korver,SG,2004 2005 2006 2007 2008 2009 2010 2011 2012 2013 2014
Shelvin Mack,PG,2012 2013 2014
Al Horford,C,2008 2009 2010 2011 2012 2013 2014
Al Jefferson,C,2005 2006 2007 2008 2009 2010 2011 2012 2013 2014
Jannero Pargo,PG,2003 2004 2005 2006 2007 2008 2010 2012 2013 2014
Gerald Henderson,SG,2010 2011 2012 2013 2014
Jeff Taylor,SF,2013 2014
Ben Gordon,SG,2005 2006 2007 2008 2009 2010 2011 2012 2013 2014
Kemba Walker,PG,2012 2013 2014
Michael Kidd-Gilchrist,SF,2013 2014
D.J. White,PF,2009 2010 2011 2012 2013 2014
Josh McRoberts,PF,2008 2009 2010 2011 2012 2013 2014
Anthony Tolliver,PF,2009 2010 2011 2012 2013 2014
Bismack Biyombo,C,2012 2013 2014
Cody Zeller,C,2014
Chris Douglas-Roberts,SG,2009 2010 2011 2013 2014
Justin Hamilton,C,2014
Roger Mason Jr.,SG,2003 2004 2007 2008 2009 2010 2011 2012 2013 2014
Greg Oden,C,2009 2010 2014
Chris Andersen,PF,2002 2003 2004 2005 2006 2008 2009 2010 2011 2012 2013 2014
Michael Beasley,SF,2009 2010 2011 2012 2013 2014
LeBron James,SF,2004 2005 2006 2007 2008 2009 2010 2011 2012 2013 2014
James Jones,SF,2004 2005 2006 2007 2008 2009 2010 2011 2012 2013 2014
Rashard Lewis,PF,2000 2001 2002 2003 2004 2005 2006 2007 2008 2009 2010 2011 2012 2013 2014
Ray Allen,SG,2000 2001 2002 2003 2004 2005 2006 2007 2008 2009 2010 2011 2012 2013 2014
Udonis Haslem,PF,2004 2005 2006 2007 2008 2009 2010 2011 2012 2013 2014
Mario Chalmers,PG,2009 2010 2011 2012 2013 2014
Shane Battier,SF,2002 2003 2004 2005 2006 2007 2008 2009 2010 2011 2012 2013 2014
Chris Bosh,C,2004 2005 2006 2007 2008 2009 2010 2011 2012 2013 2014
Norris Cole,PG,2012 2013 2014
DeAndre Liggins,SG,2012 2013 2014
Dwyane Wade,SG,2004 2005 2006 2007 2008 2009 2010 2011 2012 2013 2014
Kyle O'Quinn,PF,2013 2014
Nikola Vucevic,C,2012 2013 2014
Arron Afflalo,SG,2008 2009 2010 2011 2012 2013 2014
E'Twaun Moore,SG,2012 2013 2014
Tobias Harris,SF,2012 2013 2014
Maurice Harkless,SF,2013 2014
Ronnie Price,PG,2006 2007 2008 2009 2010 2011 2012 2013 2014
Andrew Nicholson,PF,2013 2014
Doron Lamb,SG,2013 2014
Victor Oladipo,SG,2014
Jason Maxiell,PF,2006 2007 2008 2009 2010 2011 2012 2013 2014
Jameer Nelson,PG,2005 2006 2007 2008 2009 2010 2011 2012 2013 2014
Solomon Jones,PF,2007 2008 2009 2010 2011 2012 2013 2014
Nene Hilario,PF,2003 2004 2005 2006 2007 2008 2009 2010 2011 2012 2013 2014
Drew Gooden,PF,2003 2004 2005 2006 2007 2008 2009 2010 2011 2012 2013 2014
Martell Webster,SF,2006 2007 2008 2009 2010 2011 2012 2013 2014
Glen Rice Jr.,SG,2014
Jan Vesely,PF,2012 2013 2014
Andre Miller,PG,2000 2001 2002 2003 2004 2005 2006 2007 2008 2009 2010 2011 2012 2013 2014
Garrett Temple,SG,2010 2011 2013 2014
Trevor Ariza,SF,2005 2006 2007 2008 2009 2010 2011 2012 2013 2014
John Wall,PG,2011 2012 2013 2014
Trevor Booker,PF,2011 2012 2013 2014
Chris Singleton,SF,2012 2013 2014
Bradley Beal,SG,2013 2014
Kevin Seraphin,C,2011 2012 2013 2014
Marcin Gortat,C,2008 2009 2010 2011 2012 2013 2014
Al Harrington,PF,2000 2001 2002 2003 2004 2005 2006 2007 2008 2009 2010 2011 2012 2013 2014
Otto Porter Jr.,SF,2014
Timofey Mozgov,C,2011 2012 2013 2014
Evan Fournier,SG,2013 2014
J.J. Hickson,C,2009 2010 2011 2012 2013 2014
JaVale McGee,C,2009 2010 2011 2012 2013 2014
Randy Foye,SG,2007 2008 2009 2010 2011 2012 2013 2014
Quincy Miller,SF,2013 2014
Kenneth Faried,PF,2012 2013 2014
Wilson Chandler,SF,2008 2009 2010 2011 2012 2013 2014
Darrell Arthur,PF,2009 2010 2011 2013 2014
Nate Robinson,PG,2006 2007 2008 2009 2010 2011 2012 2013 2014
Ty Lawson,PG,2010 2011 2012 2013 2014
Anthony Randolph,SF,2009 2010 2011 2012 2013 2014
Ricky Rubio,PG,2012 2013 2014
Shabazz Muhammad,SF,2014
Nikola Pekovic,C,2011 2012 2013 2014
Dante Cunningham,PF,2010 2011 2012 2013 2014
Kevin Love,PF,2009 2010 2011 2012 2013 2014
Corey Brewer,SG,2008 2009 2010 2011 2012 2013 2014
Gorgui Dieng,C,2014
Robbie Hummel,SF,2014
Alexey Shved,PG,2013 2014
A.J. Price,PG,2010 2011 2012 2013 2014
Ronny Turiaf,C,2006 2007 2008 2009 2010 2011 2012 2013 2014
J.J. Barea,PG,2007 2008 2009 2010 2011 2012 2013 2014
Chase Budinger,SF,2010 2011 2012 2013 2014
Kevin Martin,SG,2005 2006 2007 2008 2009 2010 2011 2012 2013 2014
Hasheem Thabeet,C,2010 2011 2012 2013 2014
Reggie Jackson,PG,2012 2013 2014
Reggie Williams,SG,2010 2011 2012 2013 2014
Steven Adams,C,2014
Andre Roberson,SG,2014
Kendrick Perkins,C,2004 2005 2006 2007 2008 2009 2010 2011 2012 2013 2014
Russell Westbrook,PG,2009 2010 2011 2012 2013 2014
Perry Jones,SF,2013 2014
Kevin Durant,SF,2008 2009 2010 2011 2012 2013 2014
Jeremy Lamb,SG,2013 2014
Nick Collison,PF,2005 2006 2007 2008 2009 2010 2011 2012 2013 2014
Mustafa Shakur,PG,2011 2014
Ryan Gomes,SF,2006 2007 2008 2009 2010 2011 2012 2014
Royal Ivey,PG,2005 2006 2007 2008 2009 2010 2011 2012 2013 2014
Derek Fisher,PG,2000 2001 2002 2003 2004 2005 2006 2007 2008 2009 2010 2011 2012 2013 2014
Serge Ibaka,PF,2010 2011 2012 2013 2014
Thabo Sefolosha,SG,2007 2008 2009 2010 2011 2012 2013 2014
Robin Lopez,C,2009 2010 2011 2012 2013 2014
Nicolas Batum,SF,2009 2010 2011 2012 2013 2014
Damian Lillard,PG,2013 2014
Meyers Leonard,C,2013 2014
Thomas Robinson,PF,2013 2014
Wesley Matthews,SG,2010 2011 2012 2013 2014
Mo Williams,PG,2004 2005 2006 2007 2008 2009 2010 2011 2012 2013 2014
Will Barton,SG,2013 2014
Victor Claver,PF,2013 2014
Joel Freeland,C,2013 2014
Allen Crabbe,SG,2014
Earl Watson,PG,2002 2003 2004 2005 2006 2007 2008 2009 2010 2011 2012 2013 2014
Dorell Wright,SF,2005 2006 2007 2008 2009 2010 2011 2012 2013 2014
C.J. McCollum,SG,2014
LaMarcus Aldridge,PF,2007 2008 2009 2010 2011 2012 2013 2014
Trey Burke,PG,2014
Derrick Favors,PF,2011 2012 2013 2014
Richard Jefferson,SF,2002 2003 2004 2005 2006 2007 2008 2009 2010 2011 2012 2013 2014
Gordon Hayward,SF,2011 2012 2013 2014
Alec Burks,PG,2012 2013 2014
John Lucas III,PG,2006 2007 2011 2012 2013 2014
Marvin Williams,PF,2006 2007 2008 2009 2010 2011 2012 2013 2014
Mike Harris,SF,2008 2010 2011 2014
Ian Clark,SG,2014
Andris Biedrins,C,2005 2006 2007 2008 2009 2010 2011 2012 2013 2014
Rudy Gobert,C,2014
Jamaal Tinsley,PG,2002 2003 2004 2005 2006 2007 2008 2010 2012 2013 2014
Brandon Rush,SG,2009 2010 2011 2012 2013 2014
Diante Garrett,PG,2013 2014
Jeremy Evans,SF,2011 2012 2013 2014
Enes Kanter,C,2012 2013 2014
